tourney_id,tourney_name,surface,draw_size,tourney_level,indoor,tourney_date,match_num,winner_id,winner_seed,winner_entry,winner_name,winner_hand,winner_ht,winner_ioc,winner_age,winner_rank,winner_rank_points,loser_id,loser_seed,loser_entry,loser_name,loser_hand,loser_ht,loser_ioc,loser_age,loser_rank,loser_rank_points,score,best_of,round,minutes,w_ace,w_df,w_svpt,w_1stIn,w_1stWon,w_2ndWon,w_SvGms,w_bpSaved,w_bpFaced,l_ace,l_df,l_svpt,l_1stIn,l_1stWon,l_2ndWon,l_SvGms,l_bpSaved,l_bpFaced
2026-2789,Grodzisk Mazowiecki,Hard,32,C,O,20260803,1,G0BY,2,,Daniil Glinka,L,188,EST,26.226,166,341,Z0BL,,,Fares Zakaria,R,183,EGY,25.224,514,85,6-4 3-6 6-1,3,R32,130,12,3,68,38,30,21,13,0,1,6,10,100,48,35,23,13,9,12
2026-2789,Grodzisk Mazowiecki,Hard,32,C,O,20260803,2,R0JW,8,,Michele Ribecai,R,173,ITA,23.493,265,209,R0IL,,,Iliyan Radulov,R,187,BUL,21.144,617,60,6-2 6-1,3,R32,76,4,1,64,41,27,15,8,6,6,4,2,54,28,13,11,7,7,11
2026-2789,Grodzisk Mazowiecki,Hard,32,C,O,20260803,3,B0P4,,,Tomasz Berkieta,R,191,POL,20.036,558,72,MJ98,,,Facundo Mena,R,183,ARG,33.862,333,157,6-3 7-6(1),3,R32,84,8,4,65,33,26,20,11,0,1,3,6,81,38,25,22,10,6,8
2026-2789,Grodzisk Mazowiecki,Hard,32,C,O,20260803,4,D923,1,,Damir Dzumhur,R,175,BIH,34.204,104,632,BU54,,,Geoffrey Blancaneaux,R,180,FRA,27.986,414,116,6-2 6-4,3,R32,93,2,1,52,33,21,15,9,2,3,0,1,57,35,22,8,9,2,6
2026-2789,Grodzisk Mazowiecki,Hard,32,C,O,20260803,5,G0A0,4,,Andrea Guerrieri,L,180,ITA,27.666,213,261,W0BU,,,Olle Wallin,R,191,SWE,24.78,407,118,6-1 6-4,3,R32,79,2,3,49,30,22,12,8,5,6,3,5,76,45,27,10,9,6,11
2026-2789,Grodzisk Mazowiecki,Hard,32,C,O,20260803,6,M0HT,5,,Alejandro Moro Canas,R,183,ESP,25.654,236,239,B0JJ,,,Robin Bertrand,R,178,FRA,23.387,368,137,7-5 6-4,3,R32,111,6,2,58,39,30,11,11,0,2,1,3,72,42,24,16,11,5,9
2026-2789,Grodzisk Mazowiecki,Hard,32,C,O,20260803,7,M0G4,7,,Harold Mayot,R,180,FRA,24.493,255,217,P0FU,,,Filip Pieczonka,L,196,POL,22.316,1061,16,6-2 6-2,3,R32,72,1,3,61,40,30,10,8,2,2,10,6,51,32,22,6,8,8,12
2026-2789,Grodzisk Mazowiecki,Hard,32,C,O,20260803,8,DH46,,,Alexander Donski,R,188,BUL,28.005,551,74,K0DE,,,Takuya Kumasaka,R,175,JPN,27.808,549,75,7-5 6-4,3,R32,105,12,5,72,41,35,12,11,6,7,7,2,71,41,31,12,11,6,9
2026-2789,Grodzisk Mazowiecki,Hard,32,C,O,20260803,9,DF88,,,Aziz Dougaz,L,188,TUN,29.355,690,49,BE67,,,Mirza Basic,R,188,BIH,35.061,712,47,6-1 6-4,3,R32,51,13,1,39,28,26,10,9,0,0,5,1,63,45,28,7,8,6,9
2026-2789,Grodzisk Mazowiecki,Hard,32,C,O,20260803,10,DC76,,,Viktor Durasovic,R,185,NOR,29.374,475,94,GG65,,,Michael Geerts,R,178,BEL,31.543,339,156,6-7(9) 6-2 6-2,3,R32,152,10,3,96,51,34,28,14,4,7,6,7,109,53,34,26,14,7,14
2026-2789,Grodzisk Mazowiecki,Hard,32,C,O,20260803,11,E0AC,,,Mathys Erhard,R,188,FRA,24.769,359,141,P0IT,,,Olaf Pieczkowski,R,183,POL,22.338,674,51,5-7 7-5 6-1,3,R32,161,4,6,93,58,46,15,15,3,5,8,5,121,85,48,19,16,9,14
2026-2789,Grodzisk Mazowiecki,Hard,32,C,O,20260803,12,I305,,,Ilya Ivashka,R,193,BLR,32.438,402,120,KI48,,,Ergi Kirkin,R,180,TUR,27.515,608,63,6-1 5-7 6-3,3,R32,129,9,1,80,45,33,20,14,1,3,4,4,90,42,26,23,14,4,9
2026-2789,Grodzisk Mazowiecki,Hard,32,C,O,20260803,13,M09M,,,Ivan Marrero Curbelo,R,180,ESP,27.849,360,140,PF65,,,Filip Peliwo,R,180,POL,32.507,547,75,6-1 3-6 6-3,3,R32,93,3,0,71,44,34,18,13,1,2,3,3,64,36,25,15,12,1,4
2026-2789,Grodzisk Mazowiecki,Hard,32,C,O,20260803,14,V0G2,,,Amit Vales,R,173,ISR,21.155,679,51,M0GB,,,Alex Martinez,R,185,ESP,25.374,361,139,6-2 6-0,3,R32,50,0,4,38,27,21,6,7,0,1,0,3,44,23,10,5,7,7,13
2026-2789,Grodzisk Mazowiecki,Hard,32,C,O,20260803,15,S0WT,3,,Joel Schwaerzler,L,188,AUT,20.515,182,315,C0MV,,,Jiri Cizek,,,,,1358,7,6-3 6-1,3,R32,63,3,3,46,25,21,12,8,1,2,3,6,53,29,18,7,8,3,8
2026-2789,Grodzisk Mazowiecki,Hard,32,C,O,20260803,16,K0HC,6,,Maks Kasnikowski,R,180,POL,23.077,231,241,H0BF,,,Philip Henning,R,180,RSA,25.728,298,184,6-3 6-4,3,R32,86,9,2,64,26,21,22,10,1,2,3,1,54,36,21,9,9,4,7
2026-2789,Grodzisk Mazowiecki,Hard,32,C,O,20260803,17,G0BY,2,,Daniil Glinka,L,188,EST,26.226,166,341,V0G2,,,Amit Vales,R,173,ISR,21.155,679,51,7-5 1-6 6-4,3,R16,142,13,6,101,51,42,21,15,10,14,4,5,87,48,32,23,14,5,8
2026-2789,Grodzisk Mazowiecki,Hard,32,C,O,20260803,18,G0A0,4,,Andrea Guerrieri,L,180,ITA,27.666,213,261,DC76,,,Viktor Durasovic,R,185,NOR,29.374,475,94,6-4 4-6 6-2,3,R16,136,5,3,105,64,46,19,14,11,13,9,11,86,38,27,23,14,2,6
2026-2789,Grodzisk Mazowiecki,Hard,32,C,O,20260803,19,DH46,,,Alexander Donski,R,188,BUL,28.005,551,74,M0HT,5,,Alejandro Moro Canas,R,183,ESP,25.654,236,239,6-4 7-6(5),3,R16,115,7,3,71,42,39,18,11,3,3,3,0,65,46,32,14,11,1,2
2026-2789,Grodzisk Mazowiecki,Hard,32,C,O,20260803,20,I305,,,Ilya Ivashka,R,193,BLR,32.438,402,120,M0G4,,,Harold Mayot,R,180,FRA,24.493,255,217,W/O,3,R16,,,,,,,,,,,,,,,,,,,
2026-3111,Istanbul,Hard,32,C,O,20260803,1,B0JE,3,,Max Basing,R,180,GBR,23.836,250,219,R0HP,,,Lucio Ratti,R,183,ARG,22.516,380,130,7-6(5) 6-1,3,R32,106,1,5,71,52,42,8,10,5,6,4,3,76,51,33,11,9,4,7
2026-3111,Istanbul,Hard,32,C,O,20260803,2,S0O6,7,,Ilia Simakin,R,193,RUS,22.768,297,185,B0C0,,,Adrian Boitan,R,185,ROU,27.064,435,108,5-7 6-3 6-4,3,R32,136,14,6,97,52,45,21,16,6,8,6,4,93,61,43,16,15,4,7
2026-3111,Istanbul,Hard,32,C,O,20260803,3,G0IW,,,Antoine Ghibaudo,R,191,FRA,21.52,351,146,D0IO,,,Tuncay Duran,R,191,TUR,22.168,626,58,7-5 7-6(4),3,R32,130,1,3,96,62,44,17,12,9,11,4,2,86,51,32,16,12,3,6
2026-3111,Istanbul,Hard,32,C,O,20260803,4,SX90,,,Fajing Sun,R,178,CHN,29.832,326,162,P0KA,,,Semen Pankin,R,183,RUS,26.913,421,113,6-4 6-1,3,R32,75,1,0,48,36,25,9,8,0,0,7,1,59,33,19,11,9,3,7
2026-3111,Istanbul,Hard,32,C,O,20260803,5,PJ74,,,Lucas Poullain,R,175,FRA,30.661,500,90,A09T,1,,Dan Added,R,183,FRA,27.307,220,254,6-4 6-1,3,R32,87,3,1,58,37,22,16,8,6,6,2,0,47,22,15,11,9,0,4
2026-3111,Istanbul,Hard,32,C,O,20260803,6,B0BU,2,,Florent Bax,R,185,FRA,27.132,247,223,W0A4,,,Arthur Weber,L,185,FRA,34.234,398,122,6-3 6-4,3,R32,80,8,2,59,37,31,9,10,2,3,0,3,49,30,20,8,9,0,3
2026-3111,Istanbul,Hard,32,C,O,20260803,7,I0B6,,,Paul Inchauspe,R,196,FRA,22.437,600,64,B0LQ,4,,Petr Bar Biryukov,L,196,RUS,24.427,285,194,7-6(4) 0-1 RET,3,R32,70,2,0,41,33,23,6,6,0,1,2,3,56,33,20,13,7,0,1
2026-3111,Istanbul,Hard,32,C,O,20260803,8,SQ80,6,,Akira Santillan,R,180,AUS,29.199,291,189,SY71,,,Digvijay Pratap Singh,R,191,IND,26.168,540,77,6-4 1-6 6-4,3,R32,112,9,5,73,48,37,14,13,1,3,10,2,86,50,37,19,14,7,9
2026-3111,Istanbul,Hard,32,C,O,20260803,9,A09Q,8,,Mert Alkaya,R,178,TUR,26.136,299,183,P0EA,,,Saba Purtseladze,R,191,GEO,24.953,659,54,7-6(2) 6-4,3,R32,102,7,1,79,55,41,7,11,2,5,3,4,71,45,30,10,11,4,8
2026-3111,Istanbul,Hard,32,C,O,20260803,10,B0GI,,,Alexander Binda,R,180,ITA,24.862,571,69,TD49,,,Mert Naci Turker,,,,27.964,767,40,7-6(5) 6-2,3,R32,126,7,1,70,49,37,13,10,0,0,5,2,97,65,42,15,10,9,11
2026-3111,Istanbul,Hard,32,C,O,20260803,11,BO10,,,Gijs Brouwer,L,191,NED,30.387,1156,12,D0JI,,,Manas Dhamne,R,183,IND,18.595,362,139,4-6 6-0 6-4,3,R32,139,4,3,83,65,45,9,13,5,7,2,4,103,72,38,16,13,9,14
2026-3111,Istanbul,Hard,32,C,O,20260803,12,M0SB,,,Koki Matsuda,R,183,JPN,25.755,478,93,Y0B7,,,Kerem Yilmaz,R,188,TUR,19.343,955,23,3-6 6-3 7-6(4),3,R32,140,6,1,100,61,40,25,15,5,7,3,4,106,67,46,21,15,9,11
2026-3111,Istanbul,Hard,32,C,O,20260803,13,M0RX,,,Kenta Miyoshi,R,185,JPN,22.382,525,80,A0DV,,,Arda Azkara,,,TUR,23.389,829,32,6-3 7-6(0),3,R32,78,10,0,57,33,29,17,11,2,3,3,3,65,41,27,12,10,1,3
2026-3111,Istanbul,Hard,32,C,O,20260803,14,O0BR,,,Daniil Ostapenkov,R,,BLR,23.239,533,79,BU53,,,Constantin Bittoun Kouzmine,L,178,FRA,27.578,424,113,3-6 6-3 7-6(1),3,R32,142,20,5,102,60,46,23,15,8,10,4,0,94,67,52,11,15,4,6
2026-3111,Istanbul,Hard,32,C,O,20260803,15,P0K4,,,Tiago Pereira,R,0,PRT,22.119,389,127,U176,,,Vadym Ursu,R,183,UKR,29.585,401,121,3-6 6-3 6-4,3,R32,117,9,1,92,47,35,25,14,5,7,3,5,82,52,34,16,14,3,6
2026-3111,Istanbul,Hard,32,C,O,20260803,16,E0AA,5,,Yanki Erel,L,178,TUR,25.854,280,196,Y171,,,Denis Yevseyev,R,188,KAZ,33.199,439,107,6-4 4-6 6-1,3,R32,119,5,2,76,59,43,13,14,3,4,3,1,97,71,45,14,13,7,10
2026-3111,Istanbul,Hard,32,C,O,20260803,17,B0BU,2,,Florent Bax,R,185,FRA,27.132,247,223,O0BR,,,Daniil Ostapenkov,R,,BLR,23.239,533,79,6-7(4) 7-6(6) 6-1,3,R16,172,9,2,104,60,52,21,16,5,7,7,4,104,53,39,27,15,2,6
2026-3111,Istanbul,Hard,32,C,O,20260803,18,B0JE,3,,Max Basing,R,180,GBR,23.836,250,219,P0K4,,,Tiago Pereira,R,0,PRT,22.119,389,127,6-3 6-1,3,R16,67,1,1,48,34,30,5,8,2,2,2,4,56,30,19,9,8,5,9
2026-3111,Istanbul,Hard,32,C,O,20260803,19,G0IW,,,Antoine Ghibaudo,R,191,FRA,21.52,351,146,SQ80,6,,Akira Santillan,R,180,AUS,29.199,291,189,6-4 6-1,3,R16,61,1,1,39,23,20,9,8,0,1,1,3,49,28,13,11,9,5,10
2026-3111,Istanbul,Hard,32,C,O,20260803,20,S0O6,7,,Ilia Simakin,R,193,RUS,22.768,297,185,SX90,,,Fajing Sun,R,178,CHN,29.832,326,162,6-3 7-6(4),3,R16,102,4,4,68,33,27,24,11,1,1,1,0,72,55,35,9,10,6,7
2026-3169,Plovdiv 2,Clay,32,C,O,20260803,1,S0QZ,,,Sebastian Sorger,R,178,AUT,20.621,479,93,K0CJ,3,,Sandro Kopp,R,185,AUT,26.188,289,190,6-1 6-1,3,R32,57,2,1,35,26,21,7,7,0,0,1,4,47,29,14,6,7,3,8
2026-3169,Plovdiv 2,Clay,32,C,O,20260803,2,M0KA,,,Yanaki Milev,R,180,BUL,22.3,750,42,RB60,8,,Oriol Roca Batalla,R,175,ESP,33.259,342,153,6-4 6-4,3,R32,103,2,5,68,39,27,15,10,7,9,0,3,65,36,24,12,10,7,11
2026-3169,Plovdiv 2,Clay,32,C,O,20260803,3,D0LY,,,Emilien Demanet,R,180,BEL,21.273,658,54,V0GR,,,Alexander Vasilev,L,185,BUL,19.222,567,70,6-3 6-4,3,R32,121,0,3,67,36,23,20,10,2,3,1,7,78,50,35,8,9,11,14
2026-3169,Plovdiv 2,Clay,32,C,O,20260803,4,S0CG,,,Carlos Sanchez Jover,L,173,ESP,26.034,377,131,A0G7,,,Valerio Aboian,L,183,ARG,24.137,428,111,6-2 2-6 6-2,3,R32,122,0,4,82,56,33,11,12,5,10,4,5,70,35,20,13,12,1,8
2026-3169,Plovdiv 2,Clay,32,C,O,20260803,5,GE33,4,,Daniel Elahi Galan,R,191,COL,30.125,271,203,G0OF,,,Georgi Georgiev,R,185,BUL,19.849,,,6-3 6-7(5) 6-2,3,R32,158,7,5,92,49,37,27,15,2,3,7,4,92,53,33,23,14,2,6
2026-3169,Plovdiv 2,Clay,32,C,O,20260803,6,A0AB,,,Adrian Andreev,R,175,BUL,25.227,1108,14,DC48,5,,Murkel Dellien,R,193,BOL,28.879,328,160,6-1 7-6(10),3,R32,127,0,3,85,48,31,16,10,7,9,0,6,69,40,25,11,9,1,5
2026-3169,Plovdiv 2,Clay,32,C,O,20260803,7,A0M2,,,Yannick Theodor Alexandrescou,R,168,FRA,18.563,928,24,CG07,6,,Hernan Casanova,R,178,ARG,32.487,330,159,7-6(2) 6-3,3,R32,132,1,3,64,46,28,8,10,1,5,0,1,69,54,25,8,11,6,12
2026-3169,Plovdiv 2,Clay,32,C,O,20260803,8,B0OV,,,Petr Brunclik,L,188,CZE,20.047,331,158,C0OW,,,Lorenzo Carboni,R,168,ITA,20.43,481,93,6-4 6-4,3,R32,97,1,3,60,36,29,13,10,2,3,1,5,69,40,26,13,10,3,6
2026-3169,Plovdiv 2,Clay,32,C,O,20260803,9,C0MH,,,Gerard Campana Lee,R,183,KOR,21.837,585,67,M0K2,,,Pietro Marino,R,173,ITA,25.166,983,21,6-0 6-2,3,R32,84,1,4,51,27,21,13,7,4,4,0,0,46,38,16,2,7,5,10
2026-3169,Plovdiv 2,Clay,32,C,O,20260803,10,L0GL,,,George Lazarov,L,191,BUL,21.388,1112,14,R09V,,,Eduardo Ribeiro,R,178,BRA,28.381,372,134,7-5 6-2,3,R32,82,1,2,62,46,31,8,10,2,5,0,2,62,45,22,7,10,4,10
2026-3169,Plovdiv 2,Clay,32,C,O,20260803,11,P0FJ,,,Radu Mihai Papoe,R,183,ROU,23.932,352,145,R0BF,,,Franco Ribero,R,188,ARG,26.899,733,44,6-4 1-6 6-3,3,R32,144,1,2,83,55,31,13,13,8,14,1,3,77,47,23,18,13,1,7
2026-3169,Plovdiv 2,Clay,32,C,O,20260803,12,P0HY,,,Samuele Pieri,R,183,ITA,24.427,386,129,B0FI,1,,Pedro Boscardin Dias,R,180,BRA,23.513,274,201,6-3 0-6 6-4,3,R32,152,3,5,104,69,40,17,13,13,17,1,1,71,45,28,17,12,2,5
2026-3169,Plovdiv 2,Clay,32,C,O,20260803,13,AA27,2,,Franco Agamenone,R,191,ITA,33.3,262,210,L0ID,,,Jack Loge,R,180,BEL,21.711,485,92,7-6(0) 5-7 6-4,3,R32,174,1,3,111,75,46,16,17,7,14,1,4,108,63,36,19,17,4,11
2026-3169,Plovdiv 2,Clay,32,C,O,20260803,14,M0UR,7,,Ognjen Milic,L,180,SRB,19.116,337,156,I0BF,,,Ivan Ivanov,R,,BUL,17.758,563,71,6-0 6-0,3,R32,45,1,0,37,19,13,13,6,2,2,0,2,32,22,6,2,6,1,7
2026-3169,Plovdiv 2,Clay,32,C,O,20260803,15,N0CJ,,,Petr Nesterov,R,,BUL,23.409,364,138,A0HZ,,,Lorenzo Angelini,R,170,ITA,20.416,564,71,7-5 6-1,3,R32,105,1,2,78,41,28,20,10,7,9,0,3,55,30,16,10,9,3,8
2026-3169,Plovdiv 2,Clay,32,C,O,20260803,16,P0I6,,,Gabriele Piraino,L,188,ITA,22.724,404,120,C0LK,,,Carlo Alberto Caniato,R,188,ITA,20.756,452,101,6-4 3-6 6-3,3,R32,159,1,5,100,61,38,23,14,9,11,5,3,78,49,34,16,14,3,6
2026-3169,Plovdiv 2,Clay,32,C,O,20260803,17,A0AB,,,Adrian Andreev,R,175,BUL,25.227,1108,14,D0LY,,,Emilien Demanet,R,180,BEL,21.273,658,54,W/O,3,R16,,,,,,,,,,,,,,,,,,,
2026-586,Lexington,Hard,32,C,O,20260803,1,HG86,,,Lloyd Harris,R,193,RSA,29.437,179,317,S0TX,,,Henry Searle,L,193,GBR,20.348,217,259,7-5 2-6 6-3,3,R32,130,8,5,108,55,39,28,15,5,8,4,2,82,60,42,11,14,6,9
2026-586,Lexington,Hard,32,C,O,20260803,2,GH92,5,,Borna Gojo,R,196,CRO,28.43,163,348,G0EU,,,Felix Gill,L,175,GBR,24.172,218,259,6-4 4-6 6-4,3,R32,121,16,6,99,57,47,16,15,8,10,5,4,82,48,41,15,15,5,8
2026-586,Lexington,Hard,32,C,O,20260803,3,C0NB,,,Federico Cina,R,185,ITA,19.346,178,318,Y218,,,Elias Ymer,R,185,SWE,30.313,208,266,6-3 7-5,3,R32,85,6,7,63,28,21,20,10,5,7,3,2,63,33,19,14,11,2,7
2026-586,Lexington,Hard,32,C,O,20260803,4,G0JJ,,,Sebastian Gorzny,R,,USA,22.524,876,27,H09F,,,Yu Hsiou Hsu,R,178,TPE,27.337,241,232,3-6 6-1 6-2,3,R32,107,9,5,79,46,31,21,12,6,7,1,1,74,43,26,17,12,2,6
2026-586,Lexington,Hard,32,C,O,20260803,5,I0B0,,,Andre Ilagan,L,173,USA,56.586,243,231,AG08,,,Andy Andrade,,,,,251,219,6-3 6-4,3,R32,85,5,1,65,42,34,12,10,2,2,5,3,64,32,24,15,9,3,5
2026-586,Lexington,Hard,32,C,O,20260803,6,S0NV,,,Abdullah Shelbayh,L,180,JOR,22.713,267,206,BI81,7,,Alex Bolt,L,183,AUS,33.574,158,354,6-2 6-3,3,R32,64,5,2,40,24,20,12,8,0,0,7,4,61,37,22,11,9,0,4
2026-586,Lexington,Hard,32,C,O,20260803,7,L987,2,,Dusan Lajovic,R,183,SRB,36.093,149,378,M0OQ,,,James McCabe,R,188,AUS,23.08,239,235,6-3 6-7(5) 6-3,3,R32,138,3,2,97,64,52,20,16,5,5,12,5,87,43,35,23,14,3,5
2026-586,Lexington,Hard,32,C,O,20260803,8,B0MM,,,Edas Butvilas,R,191,LTU,22.029,268,205,B0EJ,,,Tristan Boyer,R,188,USA,25.284,168,338,6-3 3-6 6-3,3,R32,110,4,4,81,47,31,21,14,6,9,0,6,73,42,31,14,13,4,8
2026-586,Lexington,Hard,32,C,O,20260803,9,C0HX,,,Ozan Baris,R,185,USA,22.341,486,91,BI23,,,Liam Broady,L,183,GBR,32.578,199,282,6-4 7-5,3,R32,117,5,3,85,46,34,19,11,10,12,7,4,89,43,27,21,11,10,14
2026-586,Lexington,Hard,32,C,O,20260803,10,H0EI,,,Millen Hurrion,R,191,GBR,27.116,670,52,P0HT,8,,Jack Pinnington Jones,R,180,GBR,23.346,172,322,7-6(5) 6-4,3,R32,119,6,3,73,38,31,17,11,4,6,3,4,79,48,33,14,11,4,7
2026-586,Lexington,Hard,32,C,O,20260803,11,J0F2,,,Spencer Johnson,R,191,USA,23.548,524,80,EA13,1,,Moez Echargui,R,178,TUN,33.561,194,287,6-4 6-3,3,R32,71,8,1,52,36,30,11,10,1,1,2,3,55,23,16,18,9,3,5
2026-586,Lexington,Hard,32,C,O,20260803,12,KF17,,,Soonwoo Kwon,R,180,KOR,28.668,153,371,S0N0,3,,Tristan Schoolkate,R,183,AUS,25.432,187,302,3-6 5-1 RET,3,R32,73,10,2,41,22,18,10,7,2,3,4,3,55,29,20,12,8,4,6
2026-586,Lexington,Hard,32,C,O,20260803,13,S0UV,6,,Rei Sakamoto,R,193,JPN,20.11,165,344,M0NB,,,Aidan Mayo,R,183,USA,23.222,625,58,7-6(3) 7-5,3,R32,113,10,3,80,44,34,22,12,6,7,13,3,70,44,34,15,12,2,4
2026-586,Lexington,Hard,32,C,O,20260803,14,H0JL,,,Jay Friend,R,185,JPN,22.615,314,170,S0ZE,,,Colton Smith,R,183,USA,23.414,197,283,5-7 7-6(4) 6-3,3,R32,184,7,15,133,74,50,29,16,13,16,4,11,124,71,50,22,17,11,15
2026-586,Lexington,Hard,32,C,O,20260803,15,M0NP,,,Andres Martin,R,183,USA,25.073,340,154,A0K3,,,Nicolas Arseneault,L,183,CAN,19.54,1086,15,6-2 6-2,3,R32,82,0,3,57,30,20,18,8,4,5,3,1,60,38,20,8,8,11,16
2026-586,Lexington,Hard,32,C,O,20260803,16,MP01,,,Michael Mmoh,R,188,USA,28.561,181,315,W0AH,,,Harry Wendelken,R,178,GBR,24.624,201,281,6-4 6-2,3,R32,104,8,6,56,30,25,12,9,4,5,2,4,58,28,17,12,9,4,8
2026-9542,Hagen,Clay,32,C,O,20260803,1,D0H9,,,Guy Den Ouden,R,183,NED,24.32,222,249,MP20,5,,Alexandre Muller,R,183,FRA,29.5,135,445,7-5 6-2,3,R32,110,5,1,62,34,26,17,10,4,5,1,4,78,51,35,7,10,6,10
2026-9542,Hagen,Clay,32,C,O,20260803,2,B0GY,,,Alex Barrena,R,175,ARG,23.814,261,211,S0GR,7,,Timofey Skatov,R,173,KAZ,25.53,147,391,7-6(4) 6-2,3,R32,108,2,4,70,42,30,14,10,3,6,0,6,61,38,20,11,10,3,8
2026-9542,Hagen,Clay,32,C,O,20260803,3,T0AP,,,Chun-Hsin Tseng,R,175,TPE,24.986,272,202,MV14,1,,Alex Molcan,L,178,SVK,28.671,75,791,2-6 6-3 2-0 RET,3,R32,92,2,0,58,44,29,5,10,6,9,3,1,70,43,25,14,9,5,8
2026-9542,Hagen,Clay,32,C,O,20260803,4,P09O,3,,Zsombor Piros,R,180,HUN,26.806,123,517,R0FP,,,Daniel Rincon,L,185,ESP,23.57,203,274,7-6(1) 6-0,3,R32,91,2,4,65,37,24,16,9,1,3,2,2,68,40,24,10,9,12,17
2026-9542,Hagen,Clay,32,C,O,20260803,5,H0CX,,,Max Houkes,L,188,NED,26.084,242,231,G0FW,4,,Vilius Gaubas,R,178,LTU,21.593,120,523,2-6 6-4 6-4,3,R32,150,9,4,82,51,38,18,14,3,5,3,4,101,69,48,13,14,5,7
2026-9542,Hagen,Clay,32,C,O,20260803,6,D0L3,,,Matej Dodig,R,188,CRO,21.04,257,214,TA12,6,,Stefano Travaglia,R,185,ITA,34.598,140,429,7-5 6-3,3,R32,87,4,0,55,34,26,18,11,0,0,3,1,70,46,32,10,10,8,10
2026-9542,Hagen,Clay,32,C,O,20260803,7,BV24,,,Raul Brancaccio,R,183,ITA,29.248,237,237,KH56,8,,Zdenek Kolar,R,183,CZE,29.815,154,370,6-4 6-4,3,R32,84,9,1,72,48,32,13,10,3,4,3,2,60,41,27,7,10,2,5
2026-9542,Hagen,Clay,32,C,O,20260803,8,D0LJ,,,Diego Dedura,L,180,GER,18.393,193,288,RD58,,,Dominik Recek,R,191,CZE,31.452,847,30,7-5 6-2,3,R32,82,1,0,57,42,27,10,10,2,4,2,3,59,37,25,9,10,5,10
2026-9542,Hagen,Clay,32,C,O,20260803,9,G0IB,,,Tom Gentzsch,R,191,GER,22.91,185,308,MJ08,,,Thiago Monteiro,L,183,BRA,32.175,276,200,6-3 6-7(5) 6-4,3,R32,159,13,3,90,67,54,13,16,1,2,6,6,134,83,59,20,15,10,13
2026-9542,Hagen,Clay,32,C,O,20260803,10,GA79,,,Lorenzo Giustino,R,180,ITA,34.897,198,283,SS25,,,Vitaliy Sachko,R,188,UKR,29.054,189,298,3-6 7-6(3) 6-4,3,R32,162,7,4,107,65,47,19,16,5,9,3,7,94,59,42,18,15,4,7
2026-9542,Hagen,Clay,32,C,O,20260803,11,K0EP,,,Jerome Kym,R,198,SUI,23.472,205,271,M0XQ,,,Niels McDonald,R,191,GER,18.519,526,80,6-3 6-3,3,R32,80,8,3,58,38,28,12,9,4,4,2,1,60,32,18,15,9,2,5
2026-9542,Hagen,Clay,32,C,O,20260803,12,M0K4,,,Elmer Moller,R,183,DEN,23.069,184,308,M19T,,,Jamie Mackenzie,R,180,GER,18.549,573,68,6-3 6-2,3,R32,72,2,3,52,34,26,9,9,3,4,0,4,56,36,21,6,8,4,8
2026-9542,Hagen,Clay,32,C,O,20260803,13,M0SE,,,Maxim Mrva,R,178,CZE,19.003,317,167,M0AC,,,Rudolf Molleker,R,188,GER,25.769,488,91,6-3 6-3,3,R32,62,6,5,46,27,21,11,9,0,1,3,6,63,42,29,5,9,5,9
2026-9542,Hagen,Clay,32,C,O,20260803,14,S0AK,,,Henri Squire,R,196,GER,25.848,211,265,GJ16,,,Federico Agustin Gomez,R,191,ARG,29.684,174,320,6-2 7-5,3,R32,91,7,3,62,43,30,10,10,0,2,0,4,75,50,30,9,10,4,9
2026-9542,Hagen,Clay,32,C,O,20260803,15,TE16,,,Carlos Taberner,R,183,ESP,28.986,409,117,T0DM,,,Juan Bautista Torres,R,178,ARG,24.337,266,208,6-2 6-0,3,R32,76,3,2,43,27,20,12,7,1,1,0,1,54,41,19,4,7,5,10
2026-9542,Hagen,Clay,32,C,O,20260803,16,T0FI,,,Marko Topo,R,185,GER,22.888,346,151,S0VU,,,Max Schoenhaus,R,180,GER,19.006,312,172,5-7 6-3 7-6(3),3,R32,137,13,7,112,72,51,19,17,10,14,10,6,94,57,39,19,16,4,8
2026-9542,Hagen,Clay,32,C,O,20260803,17,P09O,3,,Zsombor Piros,R,180,HUN,26.806,123,517,D0LJ,,,Diego Dedura,L,180,GER,18.393,193,288,6-3 6-2,3,R16,69,3,1,65,43,32,14,9,4,4,0,0,47,31,22,6,8,3,6
2026-9542,Hagen,Clay,32,C,O,20260803,18,D0H9,,,Guy Den Ouden,R,183,NED,24.32,222,249,M0SE,,,Maxim Mrva,R,178,CZE,19.003,317,167,6-4 6-2,3,R16,82,3,4,58,32,24,13,9,6,8,1,5,58,37,23,4,9,1,6
2026-9542,Hagen,Clay,32,C,O,20260803,19,S0AK,,,Henri Squire,R,196,GER,25.848,211,265,B0GY,,,Alex Barrena,R,175,ARG,23.814,261,211,6-4 6-1,3,R16,68,1,3,51,37,29,10,9,0,0,0,2,56,33,19,12,8,7,10
