2026-toronto,Toronto,Hard,96,1000,O,20260802,1,220416,,Q,Moyuka Uchijima,R,171,JPN,24.975,107,713,213710,,,Cristina Bucsa,R,,ESP,28.583,40,1244,6-3 6-4,3,R128,74,6,4,64,40,27,10,10,4,6,1,3,54,37,19,8,9,2,6
2026-toronto,Toronto,Hard,96,1000,O,20260802,2,201533,,,Shuai Zhang,R,177,CHN,37.528,57,1020,201709,,,Yulia Putintseva,R,163,KAZ,31.567,81,904,6-4 6-1,3,R128,71,0,3,63,42,26,10,8,4,6,1,2,49,29,15,8,9,4,10
2026-toronto,Toronto,Hard,96,1000,O,20260802,3,221883,,,Talia Gibson,R,,AUS,22.122,72,958,220714,,,Elisabetta Cocciaretto,R,,ITA,25.517,71,967,6-2 3-2 RET,3,R128,57,10,1,35,17,15,11,7,0,1,0,5,34,14,6,9,6,0,3
2026-toronto,Toronto,Hard,96,1000,O,20260802,4,215785,,,Camila Osorio,R,162,COL,24.611,56,1048,214593,,Q,Lucrezia Stefanini,R,,ITA,28.216,144,539,7-6(4) 6-3,3,R128,102,0,3,68,41,21,12,10,3,9,0,4,67,50,17,8,11,5,13
2026-toronto,Toronto,Hard,96,1000,O,20260802,5,222601,,,Jessica Bouzas Maneiro,R,,ESP,23.855,59,1014,220502,,WC,Ariana Arseneault,R,,CAN,24.131,407,154,6-2 6-4,3,R128,78,2,7,65,33,23,18,9,3,4,2,1,48,31,19,6,9,3,7
2026-toronto,Toronto,Hard,96,1000,O,20260802,6,211817,,,Elena Gabriela Ruse,R,,ROU,28.736,75,941,220548,,,Peyton Stearns,R,,USA,24.816,58,1017,6-0 7-5,3,R128,100,5,5,62,35,28,10,9,8,10,2,7,74,39,20,13,9,6,12
2026-toronto,Toronto,Hard,96,1000,O,20260802,7,223360,,,Nikola Bartunkova,R,,CZE,20.433,41,1231,215370,,WC,Bianca Andreescu,R,170,CAN,26.127,174,446,7-5 6-4,3,R128,113,8,4,69,33,25,19,11,3,5,4,2,74,46,29,13,11,7,10
2026-toronto,Toronto,Hard,96,1000,O,20260802,8,222290,,Q,Lanlana Tararudee,R,,THA,22.070,78,916,263644,,Q,Emerson Jones,R,,AUS,18.070,139,557,7-6(2) 6-2,3,R128,94,2,8,68,35,23,14,10,8,12,0,7,67,24,14,16,10,3,9
2026-toronto,Toronto,Hard,96,1000,O,20260802,9,211684,,,Magdalena Frech,R,171,POL,28.630,48,1120,206417,,Q,Leolia Jeanjean,R,166,FRA,30.968,117,677,7-5 6-3,3,R128,123,1,4,71,47,30,8,10,3,7,1,8,75,36,18,18,11,7,14
2026-toronto,Toronto,Hard,96,1000,O,20260802,10,215872,,,Kamilla Rakhimova,R,170,UZB,24.928,82,894,200748,,WC,Venus Williams,R,185,USA,46.125,,,6-4 6-1,3,R128,87,1,5,60,38,25,11,8,3,4,2,6,52,24,13,13,9,1,6
2026-toronto,Toronto,Hard,96,1000,O,20260802,11,220520,,,Mccartney Kessler,R,,USA,27.069,47,1125,223335,,WC,Cadence Brace,R,,CAN,21.432,254,286,6-3 6-3,3,R128,85,6,2,48,23,18,16,9,3,3,0,3,66,39,24,13,9,4,7
2026-toronto,Toronto,Hard,96,1000,O,20260802,12,211685,,Q,Rebecca Sramkova,R,,SVK,29.785,141,549,215020,,Q,Anna Blinkova,R,179,RUS,27.893,104,749,6-3 6-3,3,R128,78,4,4,53,25,13,17,9,1,3,1,5,66,39,22,10,9,4,9
2026-toronto,Toronto,Hard,96,1000,O,20260802,13,214684,,WC,Katherine Sebov,R,173,CAN,27.573,231,331,256684,,Q,Aoi Ito,R,,JPN,22.198,235,313,6-3 6-4,3,R128,84,0,1,71,51,33,10,10,6,8,1,6,52,36,24,5,9,4,8
2026-toronto,Toronto,Hard,96,1000,O,20260802,14,222045,,,Antonia Ruzic,R,,CRO,23.532,55,1062,222391,,Q,Lois Boisson,R,,FRA,23.214,292,238,4-6 6-1 6-3,3,R128,127,1,4,75,46,31,20,13,1,2,7,6,95,62,40,14,13,6,10
2026-toronto,Toronto,Hard,96,1000,O,20260802,15,203530,,,Viktorija Golubic,R,169,SUI,33.793,51,1088,214040,,,Kimberly Birrell,R,170,AUS,28.260,66,999,7-6(7) 6-4,3,R128,104,0,1,76,55,29,15,11,4,7,5,8,73,45,29,12,11,4,8
2026-toronto,Toronto,Hard,96,1000,O,20260802,16,239383,,,Sara Bejlek,L,,CZE,20.501,38,1269,216016,,,Xiyu Wang,L,,CHN,25.347,94,808,6-3 4-6 7-5,3,R128,180,1,0,95,58,37,20,16,3,7,0,4,118,92,53,12,15,13,18
2026-toronto,Toronto,Hard,96,1000,O,20260802,17,216083,,,Caty McNally,R,183,USA,24.698,73,954,213583,,Q,Tatjana Maria,R,172,GER,38.984,79,913,4-6 7-6(4) 6-1,3,R128,167,1,8,125,89,54,14,15,11,17,4,8,108,76,43,13,14,6,13
2026-toronto,Toronto,Hard,96,1000,O,20260802,18,219917,,,Alycia Parks,R,185,USA,25.585,68,989,223286,,Q,Victoria Jimenez Kasintseva,L,,AND,20.980,120,645,6-4 6-4,3,R128,90,4,6,66,35,23,14,10,6,10,1,11,64,46,27,3,10,4,10
2026-toronto,Toronto,Hard,96,1000,O,20260802,19,203501,,,Taylor Townsend,L,170,USA,30.294,105,748,238184,,,Tereza Valentova,R,168,CZE,19.447,64,1003,6-4 7-5,3,R128,111,3,3,89,50,34,17,11,9,12,1,4,66,39,24,12,11,2,7
2026-toronto,Toronto,Hard,96,1000,O,20260802,20,201585,,Q,Sloane Stephens,R,170,USA,33.369,320,213,221333,,,Solana Sierra,R,,ARG,22.125,86,867,6-3 6-4,3,R128,69,0,4,50,34,23,7,9,1,3,0,8,56,28,17,11,10,3,8
2026-toronto,Toronto,Hard,96,1000,O,20260802,21,202663,,,Magda Linette,R,171,POL,34.470,65,1001,203475,,WC,Carol Zhao,R,165,CAN,31.118,,,4-6 6-1 6-4,3,R128,121,3,2,81,51,36,16,14,4,7,0,10,87,56,33,14,13,7,12
2026-toronto,Toronto,Hard,96,1000,O,20260802,22,252499,,Q,Alina Korneeva,R,,RUS,19.110,89,849,221236,,Q,Polina Kudermetova,R,,RUS,23.162,108,708,6-0 3-0 RET,3,R128,36,1,0,23,20,14,2,4,0,0,0,4,27,21,7,0,5,3,8
2026-toronto,Toronto,Hard,96,1000,O,20260802,23,220309,,,Zeynep Sonmez,R,,TUR,24.257,52,1074,201606,,WC,Rebecca Marino,R,183,CAN,35.628,339,193,7-5 6-4,3,R128,97,5,5,80,54,39,11,11,5,6,10,7,70,39,28,13,11,5,8
2026-toronto,Toronto,Hard,96,1000,O,20260802,24,215037,,Q,Kayla Day,L,173,USA,26.845,127,591,220348,,,Diane Parry,R,170,FRA,23.918,60,1011,3-6 6-3 7-5,3,R128,148,6,4,85,58,34,18,15,3,8,5,4,88,48,30,18,15,3,9
2026-toronto,Toronto,Hard,96,1000,O,20260802,25,201662,,,Karolina Pliskova,R,184,CZE,34.366,63,1006,220716,,,Oleksandra Oliynykova,R,170,UKR,25.577,44,1171,6-4 6-4,3,R128,82,4,4,71,47,31,11,10,6,9,1,6,59,31,19,11,10,3,8
2026-toronto,Toronto,Hard,96,1000,O,20260802,26,213887,,,Renata Zarazua,R,,MEX,28.838,83,894,211337,,,Tamara Korpatsch,R,170,GER,31.225,46,1134,6-4 0-6 6-1,3,R128,125,0,3,65,51,29,5,11,3,8,3,3,78,57,31,9,12,5,11
2026-toronto,Toronto,Hard,96,1000,O,20260802,27,214388,,,Anna Bondar,R,,HUN,29.183,77,936,211843,,,Anhelina Kalinina,R,179,UKR,29.481,54,1072,6-4 7-5,3,R128,126,1,3,65,41,27,10,11,1,5,0,6,83,54,26,15,11,8,14
2026-toronto,Toronto,Hard,96,1000,O,20260802,28,215910,,,Panna Udvardy,R,170,HUN,27.844,74,953,220332,,,Eva Lys,R,165,GER,24.553,85,871,2-6 7-6(3) 2-0 RET,3,R128,112,3,0,77,43,28,19,11,3,6,5,6,88,59,36,15,11,5,7
2026-toronto,Toronto,Hard,96,1000,O,20260802,29,233741,,Q,Maya Joint,R,,AUS,20.296,76,936,263857,,,Yuliia Starodubtseva,R,,UKR,26.456,62,1008,4-6 6-1 6-3,3,R128,157,3,5,104,62,33,24,13,14,18,1,5,99,63,34,15,13,7,14
2026-toronto,Toronto,Hard,96,1000,O,20260802,30,214643,,,Liudmila Samsonova,R,180,RUS,27.723,70,970,222145,,,Janice Tjen,R,,INA,24.241,37,1282,7-6(9) 7-5,3,R128,,5,6,90,48,40,15,12,8,11,1,11,93,49,32,19,12,5,9
2026-toronto,Toronto,Hard,96,1000,O,20260802,31,239436,,WC,Kayla Cross,L,,CAN,21.366,172,449,211107,,,Katie Boulter,R,180,GBR,30.001,69,987,7-6(3) 7-5,3,R128,,11,6,84,48,37,17,12,4,6,2,12,85,46,32,17,12,1,4
2026-toronto,Toronto,Hard,96,1000,O,20260802,32,214082,,,Daria Kasatkina,R,170,AUS,29.238,61,1009,216133,,,Xinyu Wang,R,182,CHN,24.849,42,1193,1-6 7-6(5) 7-5,3,R128,143,0,9,107,65,39,17,15,9,17,2,8,96,60,36,17,16,4,11
2026-toronto,Toronto,Hard,96,1000,O,20260802,33,214544,1,,Aryna Sabalenka,R,182,BLR,28.244,1,8550,220416,,Q,Moyuka Uchijima,R,171,JPN,24.975,107,713,6-3 6-3,3,R64,,,,,,,,,,,,,,,,,,,
2026-toronto,Toronto,Hard,96,1000,O,20260802,34,201533,,,Shuai Zhang,R,177,CHN,37.528,57,1020,211533,26,,Jelena Ostapenko,R,177,LAT,29.150,29,1592,6-0 4-0 RET,3,R64,54,1,2,31,21,19,4,6,0,0,0,8,43,14,8,7,5,9,14
2026-toronto,Toronto,Hard,96,1000,O,20260802,35,221883,,,Talia Gibson,R,,AUS,22.122,72,958,216081,18,,Maja Chwalinska,L,,POL,24.808,21,1975,7-5 6-1,3,R64,100,3,5,66,32,20,18,10,7,10,1,7,59,35,16,9,9,4,10
2026-toronto,Toronto,Hard,96,1000,O,20260802,36,206420,16,,Ekaterina Alexandrova,R,175,RUS,31.713,19,2301,215785,,,Camila Osorio,R,162,COL,24.611,56,1048,6-3 7-6(4),3,R64,104,2,15,91,49,37,16,10,9,12,1,6,74,49,27,12,11,7,12
2026-toronto,Toronto,Hard,96,1000,O,20260802,37,202494,9,,Elina Svitolina,R,174,UKR,31.888,10,4351,222601,,,Jessica Bouzas Maneiro,R,,ESP,23.855,59,1014,6-7(5) 7-6(4) 6-4,3,R64,167,3,11,124,62,36,27,17,6,14,1,15,124,64,39,20,17,3,12
2026-toronto,Toronto,Hard,96,1000,O,20260802,38,215713,24,,Anastasia Potapova,R,175,RUS,25.342,27,1667,211817,,,Elena Gabriela Ruse,R,,ROU,28.736,75,941,6-4 6-2,3,R64,105,0,3,75,45,31,15,9,8,9,3,4,59,26,16,14,9,2,6
2026-toronto,Toronto,Hard,96,1000,O,20260802,39,223360,,,Nikola Bartunkova,R,,CZE,20.433,41,1231,220704,27,,Clara Tauson,R,182,DEN,23.614,30,1564,6-3 6-4,3,R64,,,,,,,,,,,,,,,,,,,
2026-toronto,Toronto,Hard,96,1000,O,20260802,40,216153,8,,Amanda Anisimova,R,180,USA,24.920,9,4353,222290,,Q,Lanlana Tararudee,R,,THA,22.070,78,916,W/O,3,R64,,,,,,,,,,,,,,,,,,,
2026-toronto,Toronto,Hard,96,1000,O,20260802,41,215872,,,Kamilla Rakhimova,R,170,UZB,24.928,82,894,211701,32,,Katerina Siniakova,R,174,CZE,30.229,36,1285,RET,3,R64,,,,,,,,,,,,,,,,,,,
2026-toronto,Toronto,Hard,96,1000,O,20260802,42,214939,17,,Anna Kalinskaya,R,175,RUS,27.666,20,2007,220520,,,Mccartney Kessler,R,,USA,27.069,47,1125,6-2 6-7(3) 6-4,3,R64,,,,,,,,,,,,,,,,,,,
2026-toronto,Toronto,Hard,96,1000,O,20260802,43,223670,15,,Diana Shnaider,L,,RUS,22.333,18,2458,211685,,Q,Rebecca Sramkova,R,,SVK,29.785,141,549,6-2 4-6 6-1,3,R64,105,2,5,89,65,46,13,13,2,3,3,2,70,35,21,18,12,4,8
2026-toronto,Toronto,Hard,96,1000,O,20260802,44,216146,10,,Marta Kostyuk,R,175,UKR,24.096,11,3925,214684,,WC,Katherine Sebov,R,173,CAN,27.573,231,331,7-6(4) 6-0,3,R64,78,5,7,56,22,16,18,9,2,5,0,6,57,39,17,7,9,1,7
2026-toronto,Toronto,Hard,96,1000,O,20260802,45,201619,19,,Madison Keys,R,178,USA,31.455,22,1964,222045,,,Antonia Ruzic,R,,CRO,23.532,55,1062,6-1 6-2,3,R64,81,6,6,55,34,24,12,8,6,7,1,3,60,40,21,5,7,9,14
2026-toronto,Toronto,Hard,96,1000,O,20260802,46,203530,,,Viktorija Golubic,R,169,SUI,33.793,51,1088,202499,31,,Donna Vekic,R,179,CRO,30.094,35,1326,5-7 6-2 6-3,3,R64,135,0,2,99,73,47,9,14,6,10,5,9,90,45,29,17,15,4,11
2026-toronto,Toronto,Hard,96,1000,O,20260802,47,216347,7,,Iga Swiatek,R,176,POL,25.172,8,4539,239383,,,Sara Bejlek,L,,CZE,20.501,38,1269,6-0 6-3,3,R64,94,1,1,72,55,35,8,7,10,11,0,4,59,37,18,7,8,6,12